{
  "lidars": {
    "center": {
      "view": {
        "origin": [
          1.68,1.33,0.0
        ],
        "x-axis": [
          0.0,1.0,0.0
        ],
        "y-axis": [
          0.0,0.0,1.0
        ]
      }
    }
  },
  "cameras": {
    "FC": {
      "tstamp_delay": 25000,
      "view": {
        "origin": [
          1.4047,
          0.06,
          1.5831
        ],
        "x-axis": [
          -3.673205103416066e-06,
          -0.9999999999932538,
          0.0
        ],
        "y-axis": [
          -3.673205103416066e-06,
          1.3492436334860969e-11,
          -0.9999999999932537
        ]
      },
      "Lens": "Fisheye",
      "CamMatrix": [
        [
          5.295349731445312500e+02,
          0.000000000000000000e+00,
          6.191300048828125000e+02
        ],
        [
          0.0,
          5.292600097656250000e+02,
          3.671149902343750000e+02
        ],
        [
          0.0,
          0.0,
          1.000000000000000000e+00
        ]
      ],
      "CamMatrixOriginal": [
        [
          5.295349731445312500e+02,
          0.0,
          6.191300048828125000e+02
        ],
        [
          0.0,
          5.292600097656250000e+02,
          3.671149902343750000e+02
        ],
        [
          0.0,
          0.0,
          1.0
        ]
      ],
      "Distortion": [
        [
          -4.188140109181404114e-02,
          1.029490027576684952e-02,
          -4.933389835059642792e-03,
          2.028529997915029526e-04
        ]
      ],
      "Resolution": [
        1280,
        720
      ]
    },
    "SL": {
      "tstamp_delay": 25000,
      "view": {
        "origin": [
          1.2932647897078278,
          0.15949461694032196,
          1.5831
        ],
        "x-axis": [
          0.966079828463795,
          0.258243615672033,
          0.0
        ],
        "y-axis": [
          9.48581766913037e-07,
          -3.548609356140986e-06,
          -0.9999999999932537
        ]
      },
      "Lens": "Fisheye",
      "CamMatrix": [
        [
          527.47998046875,
          0.000000000000000000e+00,
          657.8800048828125
        ],
        [
          0.0,
          527.114990234375,
          343.01348876953125
        ],
        [
          0.0,
          0.0,
          1.000000000000000000e+00
        ]
      ],
      "CamMatrixOriginal": [
        [
          527.47998046875,
          0.0,
          657.8800048828125
        ],
        [
          0.0,
          527.114990234375,
          343.01348876953125
        ],
        [
          0.0,
          0.0,
          1.0
        ]
      ],
      "Distortion": [
        [
          -0.04064759984612465,
          0.008193730376660824,
          -0.0039888001047074795,
          -0.00017633699462749064
        ]
      ],
      "Resolution": [
        1280,
        720
      ]
    },
    "SR": {
      "tstamp_delay": 25000,
      "view": {
        "origin": [
          1.2942647897078245,
          -0.16169461694033396,
          1.5831
        ],
        "x-axis": [
          -0.9660798284637414,
          0.2582436156722331,
          0.0
        ],
        "y-axis": [
          9.48581766913037e-07,
          3.548609356140986e-06,
          -0.9999999999932537
        ]
      },
      "Lens": "Fisheye",
      "CamMatrix": [
        [
          527.2849731445312,
          0.000000000000000000e+00,
          617.7650146484375
        ],
        [
          0.0,
          527.1900024414062,
          378.0570068359375
        ],
        [
          0.0,
          0.0,
          1.000000000000000000e+00
        ]
      ],
      "CamMatrixOriginal": [
        [
          527.2849731445312,
          0.0,
          617.7650146484375
        ],
        [
          0.0,
          527.1900024414062,
          378.0570068359375
        ],
        [
          0.0,
          0.0,
          1.0
        ]
      ],
      "Distortion": [
        [
          -0.038397401571273804,
          0.006735350005328655,
          -0.0038494800683110952,
          -0.00035394399310462177
        ]
      ],
      "Resolution": [
        1280,
        720
      ]
    }
  }
}
